merchant_id,variant,retained_30d_experiment,support_contact_30d,fraud_flag_30d
M000002,Merchant Launchpad,0,0,0
M000006,Merchant Launchpad,1,0,0
M000012,Control,0,0,0
M000014,Merchant Launchpad,1,0,0
M000016,Merchant Launchpad,0,0,0
M000019,Merchant Launchpad,0,0,0
M000024,Control,1,1,0
M000025,Control,1,0,0
M000028,Merchant Launchpad,0,0,0
M000035,Control,0,0,0
M000037,Control,0,1,0
M000038,Merchant Launchpad,0,0,0
M000042,Merchant Launchpad,1,0,0
M000046,Control,0,0,0
M000048,Control,0,0,0
M000050,Control,0,0,0
M000051,Control,1,1,0
M000061,Merchant Launchpad,1,0,0
M000064,Control,0,0,0
M000067,Merchant Launchpad,0,0,0
M000071,Merchant Launchpad,1,0,0
M000081,Merchant Launchpad,1,0,0
M000084,Merchant Launchpad,0,0,0
M000089,Merchant Launchpad,0,0,0
M000090,Control,0,1,0
M000092,Merchant Launchpad,0,0,0
M000093,Merchant Launchpad,0,0,0
M000095,Control,1,0,0
M000101,Control,1,1,0
M000103,Control,0,0,0
M000105,Merchant Launchpad,0,0,0
M000106,Control,1,0,0
M000107,Control,0,0,0
M000112,Control,0,0,0
M000125,Control,1,0,0
M000128,Control,0,0,0
M000135,Merchant Launchpad,0,0,0
M000141,Merchant Launchpad,1,0,0
M000145,Control,0,0,0
M000146,Merchant Launchpad,1,1,0
M000149,Control,0,0,0
M000151,Merchant Launchpad,1,0,0
M000153,Control,0,0,0
M000160,Control,0,0,0
M000161,Merchant Launchpad,0,1,0
M000166,Control,0,0,0
M000173,Control,1,0,0
M000179,Merchant Launchpad,0,0,0
M000181,Control,0,0,0
M000195,Control,0,0,0
M000200,Control,1,0,0
M000202,Merchant Launchpad,1,1,0
M000207,Control,0,0,0
M000208,Merchant Launchpad,1,0,0
M000210,Merchant Launchpad,1,0,0
M000213,Control,0,0,0
M000220,Merchant Launchpad,0,0,0
M000227,Control,1,1,0
M000232,Merchant Launchpad,0,1,0
M000234,Merchant Launchpad,0,0,0
M000247,Control,1,1,0
M000249,Control,1,0,0
M000261,Merchant Launchpad,1,0,0
M000264,Control,0,0,0
M000265,Control,1,0,0
M000274,Merchant Launchpad,1,0,0
M000278,Control,0,0,0
M000286,Merchant Launchpad,1,0,0
M000291,Merchant Launchpad,0,0,0
M000293,Merchant Launchpad,1,0,0
M000297,Control,1,1,0
M000302,Merchant Launchpad,0,0,0
M000304,Merchant Launchpad,1,0,0
M000319,Control,0,0,0
M000320,Merchant Launchpad,0,0,0
M000324,Merchant Launchpad,0,0,0
M000325,Merchant Launchpad,0,0,0
M000334,Control,1,0,0
M000336,Merchant Launchpad,0,0,0
M000337,Control,0,0,0
M000340,Merchant Launchpad,0,0,0
M000345,Merchant Launchpad,0,0,0
M000347,Control,0,0,0
M000348,Control,0,0,0
M000355,Control,0,0,0
M000356,Merchant Launchpad,1,0,0
M000358,Control,0,0,0
M000361,Control,0,0,0
M000362,Merchant Launchpad,0,1,0
M000364,Control,1,0,0
M000370,Control,0,0,0
M000375,Merchant Launchpad,0,0,0
M000382,Control,1,0,0
M000383,Control,0,0,0
M000388,Merchant Launchpad,1,0,0
M000389,Merchant Launchpad,0,0,0
M000396,Control,1,0,0
M000401,Control,0,0,0
M000402,Merchant Launchpad,0,0,0
M000404,Merchant Launchpad,1,1,0
M000409,Merchant Launchpad,0,1,0
M000417,Merchant Launchpad,0,1,0
M000421,Control,0,0,0
M000423,Merchant Launchpad,0,0,0
M000427,Control,0,0,0
M000428,Control,1,1,0
M000433,Control,0,0,0
M000438,Control,0,0,0
M000441,Merchant Launchpad,0,0,0
M000448,Control,1,0,0
M000451,Merchant Launchpad,0,0,0
M000452,Merchant Launchpad,0,0,0
M000459,Control,0,0,0
M000466,Control,0,0,0
M000470,Merchant Launchpad,0,0,0
M000472,Merchant Launchpad,1,0,0
M000476,Merchant Launchpad,0,0,0
M000477,Merchant Launchpad,0,1,0
M000482,Merchant Launchpad,0,0,0
M000484,Control,0,1,0
M000489,Control,0,0,0
M000491,Control,0,0,0
M000492,Control,1,0,0
M000493,Control,1,0,0
M000499,Merchant Launchpad,1,0,0
M000503,Control,0,0,0
M000504,Merchant Launchpad,1,0,0
M000511,Control,1,0,0
M000513,Merchant Launchpad,0,0,0
M000514,Merchant Launchpad,0,0,0
M000515,Merchant Launchpad,0,0,0
M000517,Control,0,0,0
M000524,Control,0,0,0
M000527,Control,0,1,0
M000529,Merchant Launchpad,0,0,0
M000530,Merchant Launchpad,0,1,0
M000545,Merchant Launchpad,0,0,0
M000551,Merchant Launchpad,0,0,0
M000553,Control,1,0,0
M000555,Control,0,0,0
M000558,Merchant Launchpad,0,0,0
M000559,Control,1,0,0
M000560,Merchant Launchpad,0,0,0
M000565,Merchant Launchpad,0,0,0
M000571,Control,1,0,0
M000577,Control,1,0,0
M000579,Control,0,0,0
M000582,Merchant Launchpad,1,0,0
M000586,Control,0,0,0
M000589,Merchant Launchpad,1,1,0
M000590,Control,0,0,0
M000591,Control,0,0,0
M000592,Merchant Launchpad,0,0,0
M000594,Merchant Launchpad,0,0,0
M000596,Control,0,1,0
M000598,Merchant Launchpad,1,0,0
M000602,Control,0,0,0
M000605,Merchant Launchpad,1,0,0
M000609,Merchant Launchpad,0,1,0
M000610,Merchant Launchpad,0,0,0
M000611,Merchant Launchpad,0,0,0
M000613,Control,1,0,0
M000639,Merchant Launchpad,0,0,0
M000640,Merchant Launchpad,0,0,0
M000642,Merchant Launchpad,0,0,0
M000643,Merchant Launchpad,0,0,0
M000645,Control,0,0,0
M000649,Merchant Launchpad,0,1,0
M000650,Control,0,0,0
M000654,Merchant Launchpad,0,0,0
M000657,Merchant Launchpad,0,0,0
M000668,Merchant Launchpad,1,0,0
M000669,Control,1,0,0
M000671,Merchant Launchpad,1,0,0
M000680,Control,1,0,0
M000683,Control,1,0,0
M000684,Control,0,0,1
M000686,Merchant Launchpad,0,0,0
M000690,Control,0,0,0
M000691,Control,0,0,0
M000692,Merchant Launchpad,1,0,0
M000693,Merchant Launchpad,0,0,0
M000694,Control,1,0,0
M000714,Merchant Launchpad,1,0,0
M000715,Merchant Launchpad,1,0,0
M000716,Merchant Launchpad,0,0,0
M000722,Merchant Launchpad,1,0,0
M000723,Control,0,1,0
M000725,Control,0,0,0
M000733,Merchant Launchpad,1,1,0
M000734,Merchant Launchpad,0,0,0
M000740,Control,0,0,0
M000741,Control,1,0,0
M000742,Control,1,0,0
M000745,Merchant Launchpad,1,0,0
M000751,Control,0,0,0
M000754,Control,0,0,0
M000763,Control,0,0,0
M000764,Merchant Launchpad,0,0,0
M000766,Merchant Launchpad,0,0,0
M000772,Control,0,0,0
M000775,Control,0,0,0
M000776,Control,1,0,0
M000780,Control,0,0,0
M000781,Merchant Launchpad,1,0,0
M000794,Merchant Launchpad,0,0,0
M000797,Control,0,0,0
M000804,Merchant Launchpad,1,0,0
M000806,Control,0,0,0
M000810,Merchant Launchpad,0,1,0
M000812,Control,1,0,0
M000815,Control,1,0,0
M000816,Merchant Launchpad,0,0,0
M000820,Control,0,0,0
M000828,Merchant Launchpad,0,1,0
M000829,Control,0,1,0
M000835,Merchant Launchpad,1,0,0
M000836,Control,0,1,0
M000837,Merchant Launchpad,0,0,0
M000840,Merchant Launchpad,0,0,0
M000843,Merchant Launchpad,0,0,0
M000849,Control,0,1,0
M000851,Merchant Launchpad,1,1,0
M000852,Merchant Launchpad,0,0,0
M000853,Merchant Launchpad,1,0,0
M000856,Merchant Launchpad,1,0,0
M000860,Merchant Launchpad,0,0,0
M000861,Control,1,0,0
M000862,Control,1,1,0
M000864,Control,0,0,0
M000865,Merchant Launchpad,1,0,0
M000867,Merchant Launchpad,1,0,0
M000868,Merchant Launchpad,0,0,0
M000882,Merchant Launchpad,1,0,0
M000885,Merchant Launchpad,0,0,0
M000894,Merchant Launchpad,1,0,0
M000904,Merchant Launchpad,1,0,0
M000911,Merchant Launchpad,0,0,0
M000914,Control,0,0,0
M000918,Merchant Launchpad,0,0,0
M000921,Control,1,0,0
M000926,Merchant Launchpad,0,0,0
M000936,Merchant Launchpad,1,0,0
M000943,Control,0,1,0
M000947,Merchant Launchpad,1,0,0
M000949,Merchant Launchpad,0,0,0
M000955,Merchant Launchpad,1,0,0
M000959,Merchant Launchpad,1,0,0
M000963,Merchant Launchpad,0,0,0
M000965,Merchant Launchpad,0,0,0
M000969,Control,1,0,0
M000990,Merchant Launchpad,0,0,0
M000999,Merchant Launchpad,1,0,0
M001001,Control,0,0,0
M001004,Merchant Launchpad,0,0,0
M001006,Merchant Launchpad,0,0,0
M001007,Control,0,0,0
M001012,Merchant Launchpad,0,0,0
M001016,Merchant Launchpad,0,0,0
M001023,Merchant Launchpad,1,0,0
M001024,Merchant Launchpad,1,0,0
M001025,Control,0,0,0
M001037,Control,0,1,0
M001040,Control,1,0,0
M001042,Control,0,0,0
M001054,Control,0,0,0
M001056,Control,1,0,0
M001058,Control,0,1,0
M001061,Merchant Launchpad,1,0,0
M001065,Merchant Launchpad,0,0,0
M001067,Control,1,0,0
M001073,Control,0,1,0
M001080,Merchant Launchpad,1,0,0
M001081,Merchant Launchpad,0,0,0
M001082,Control,1,0,0
M001083,Merchant Launchpad,0,0,0
M001086,Control,0,0,0
M001087,Merchant Launchpad,0,0,0
M001088,Merchant Launchpad,1,0,0
M001093,Merchant Launchpad,0,0,0
M001097,Merchant Launchpad,0,0,0
M001098,Control,0,0,0
M001103,Merchant Launchpad,0,0,0
M001108,Control,0,0,0
M001109,Merchant Launchpad,0,1,0
M001117,Merchant Launchpad,0,0,0
M001125,Control,1,0,0
M001126,Control,1,0,0
M001127,Merchant Launchpad,1,0,0
M001133,Merchant Launchpad,1,0,0
M001134,Control,1,0,0
M001141,Merchant Launchpad,0,0,0
M001143,Merchant Launchpad,1,1,0
M001144,Control,0,0,0
M001148,Merchant Launchpad,0,0,0
M001150,Merchant Launchpad,0,0,0
M001154,Control,1,0,0
M001158,Merchant Launchpad,0,0,0
M001163,Merchant Launchpad,0,0,0
M001169,Control,0,1,0
M001170,Merchant Launchpad,1,0,0
M001182,Merchant Launchpad,1,0,0
M001198,Control,0,0,0
M001199,Merchant Launchpad,1,0,0
M001201,Merchant Launchpad,0,0,0
M001203,Control,0,0,0
M001204,Control,1,0,0
M001206,Control,1,0,0
M001210,Control,1,0,0
M001212,Control,0,0,0
M001214,Merchant Launchpad,0,0,0
M001219,Merchant Launchpad,1,0,0
M001223,Control,1,0,0
M001226,Control,0,0,0
M001228,Merchant Launchpad,0,0,0
M001231,Control,0,0,0
M001233,Control,1,0,0
M001242,Control,1,1,0
M001243,Control,1,0,0
M001245,Control,1,0,0
M001246,Control,1,0,0
M001247,Merchant Launchpad,1,0,0
M001250,Merchant Launchpad,0,0,0
M001254,Merchant Launchpad,0,0,0
M001260,Merchant Launchpad,0,0,0
M001262,Control,1,0,0
M001264,Merchant Launchpad,0,0,0
M001269,Control,0,0,0
M001273,Control,0,0,0
M001275,Control,0,0,0
M001278,Merchant Launchpad,0,0,0
M001280,Merchant Launchpad,0,0,0
M001284,Merchant Launchpad,0,1,0
M001287,Control,0,0,0
M001292,Merchant Launchpad,0,0,0
M001295,Merchant Launchpad,1,1,0
M001301,Control,0,0,0
M001304,Merchant Launchpad,1,0,0
M001310,Control,1,0,0
M001313,Control,0,0,0
M001314,Merchant Launchpad,1,0,0
M001315,Merchant Launchpad,0,0,0
M001324,Merchant Launchpad,1,0,0
M001325,Merchant Launchpad,1,0,0
M001334,Control,0,0,0
M001336,Merchant Launchpad,0,0,0
M001339,Control,0,0,0
M001346,Merchant Launchpad,0,0,0
M001347,Control,0,0,0
M001354,Merchant Launchpad,1,0,0
M001369,Control,0,0,0
M001371,Merchant Launchpad,1,0,0
M001375,Control,1,0,0
M001376,Control,0,1,0
M001377,Control,1,0,0
M001378,Control,1,0,0
M001381,Merchant Launchpad,0,0,0
M001384,Control,0,0,0
M001389,Merchant Launchpad,0,0,0
M001390,Control,1,0,0
M001393,Merchant Launchpad,1,0,0
M001401,Merchant Launchpad,0,0,0
M001408,Merchant Launchpad,0,0,0
M001414,Control,0,0,0
M001416,Merchant Launchpad,1,0,0
M001419,Control,1,0,0
M001421,Merchant Launchpad,1,0,0
M001422,Control,1,0,0
M001426,Control,1,1,0
M001428,Merchant Launchpad,0,0,0
M001430,Merchant Launchpad,0,0,0
M001440,Control,0,0,0
M001441,Merchant Launchpad,0,0,0
M001443,Control,0,0,0
M001447,Control,0,0,0
M001448,Control,0,0,0
M001457,Control,0,0,0
M001461,Control,1,0,0
M001465,Merchant Launchpad,0,0,0
M001469,Merchant Launchpad,0,0,0
M001471,Control,0,1,0
M001475,Control,0,0,0
M001486,Merchant Launchpad,0,0,0
M001498,Control,1,0,0
M001500,Control,1,0,0
M001507,Control,0,0,0
M001509,Control,0,0,0
M001516,Merchant Launchpad,0,0,0
M001521,Merchant Launchpad,0,0,0
M001530,Merchant Launchpad,0,0,0
M001533,Merchant Launchpad,0,0,0
M001535,Merchant Launchpad,1,0,0
M001548,Merchant Launchpad,0,0,0
M001552,Control,0,0,0
M001557,Merchant Launchpad,0,0,0
M001558,Control,0,1,1
M001559,Control,0,1,0
M001560,Merchant Launchpad,0,0,0
M001564,Control,1,0,0
M001567,Control,0,0,0
M001569,Merchant Launchpad,0,0,0
M001570,Merchant Launchpad,1,0,0
M001574,Control,0,1,0
M001578,Control,1,0,0
M001587,Control,1,0,0
M001589,Control,0,0,0
M001599,Control,1,0,0
M001603,Merchant Launchpad,1,0,0
M001606,Control,0,0,0
M001611,Merchant Launchpad,0,0,0
M001617,Control,1,1,0
M001620,Merchant Launchpad,0,0,0
M001623,Control,0,1,0
M001626,Control,1,0,0
M001632,Merchant Launchpad,0,0,0
M001634,Control,1,0,0
M001649,Control,0,0,0
M001650,Control,0,0,0
M001657,Merchant Launchpad,0,0,0
M001658,Control,0,0,0
M001659,Merchant Launchpad,0,1,0
M001667,Control,1,0,0
M001671,Merchant Launchpad,0,0,0
M001674,Control,1,0,0
M001676,Merchant Launchpad,1,1,0
M001679,Control,0,0,0
M001681,Merchant Launchpad,0,0,0
M001684,Control,1,0,0
M001689,Merchant Launchpad,0,0,0
M001691,Control,0,0,0
M001692,Merchant Launchpad,0,0,0
M001700,Merchant Launchpad,0,1,0
M001705,Merchant Launchpad,0,0,0
M001706,Control,0,0,0
M001707,Control,0,0,0
M001708,Control,1,0,0
M001713,Merchant Launchpad,1,0,0
M001716,Merchant Launchpad,0,0,0
M001726,Merchant Launchpad,0,1,0
M001727,Merchant Launchpad,0,0,0
M001731,Merchant Launchpad,0,0,0
M001732,Control,1,0,0
M001734,Merchant Launchpad,0,0,0
M001735,Merchant Launchpad,0,0,0
M001736,Merchant Launchpad,1,0,0
M001746,Control,0,0,0
M001747,Merchant Launchpad,0,0,0
M001749,Merchant Launchpad,1,0,0
M001751,Control,0,0,0
M001752,Control,0,0,0
M001766,Merchant Launchpad,1,0,0
M001775,Merchant Launchpad,0,0,0
M001784,Merchant Launchpad,0,0,0
M001790,Control,0,0,0
M001792,Merchant Launchpad,0,0,0
M001797,Merchant Launchpad,1,0,0
M001810,Merchant Launchpad,0,0,0
M001815,Control,1,0,0
M001822,Control,0,0,0
M001824,Merchant Launchpad,0,0,0
M001825,Control,1,0,0
M001826,Control,1,0,0
M001828,Control,0,0,0
M001830,Control,0,0,0
M001832,Merchant Launchpad,1,1,0
M001837,Merchant Launchpad,1,0,0
M001843,Merchant Launchpad,0,0,0
M001844,Merchant Launchpad,0,0,0
M001856,Merchant Launchpad,0,0,0
M001863,Merchant Launchpad,0,1,0
M001865,Control,0,0,0
M001868,Merchant Launchpad,0,0,0
M001870,Merchant Launchpad,1,1,0
M001874,Control,1,1,0
M001878,Merchant Launchpad,0,0,0
M001884,Merchant Launchpad,0,0,0
M001893,Control,0,0,0
M001896,Merchant Launchpad,0,0,0
M001898,Merchant Launchpad,1,0,0
M001910,Control,0,0,0
M001912,Merchant Launchpad,1,0,0
M001914,Merchant Launchpad,1,0,0
M001923,Control,1,0,0
M001930,Merchant Launchpad,0,0,0
M001933,Merchant Launchpad,0,0,0
M001934,Control,1,1,0
M001939,Control,1,0,0
M001943,Merchant Launchpad,0,0,0
M001948,Merchant Launchpad,0,0,0
M001951,Control,1,0,0
M001955,Control,1,0,0
M001961,Control,0,0,0
M001962,Merchant Launchpad,1,1,0
M001964,Control,0,0,0
M001965,Merchant Launchpad,0,0,0
M001969,Merchant Launchpad,1,0,0
M001971,Merchant Launchpad,0,0,0
M001972,Control,1,0,0
M001977,Merchant Launchpad,1,0,0
M001980,Merchant Launchpad,1,0,0
M001984,Control,1,0,0
M001986,Control,0,1,0
M001987,Merchant Launchpad,0,0,0
M001990,Control,1,0,0
M001995,Control,1,1,0
M001998,Control,0,0,0
M002001,Merchant Launchpad,1,0,0
M002005,Control,0,1,0
M002009,Merchant Launchpad,1,0,0
M002014,Control,0,0,0
M002028,Merchant Launchpad,0,0,0
M002035,Merchant Launchpad,1,0,0
M002036,Merchant Launchpad,0,0,0
M002039,Merchant Launchpad,0,1,0
M002042,Merchant Launchpad,0,0,0
M002046,Merchant Launchpad,0,0,0
M002049,Merchant Launchpad,0,0,0
M002054,Control,1,0,0
M002061,Control,0,0,0
M002068,Control,1,0,0
M002081,Control,0,0,0
M002091,Control,1,0,0
M002093,Control,0,0,0
M002096,Control,1,0,0
M002097,Merchant Launchpad,0,1,0
M002098,Control,0,0,0
M002099,Control,0,0,0
M002101,Control,0,0,0
M002105,Control,0,0,0
M002107,Merchant Launchpad,1,0,0
M002113,Merchant Launchpad,0,1,0
M002114,Merchant Launchpad,1,0,0
M002117,Merchant Launchpad,0,1,0
M002121,Merchant Launchpad,1,0,0
M002122,Merchant Launchpad,0,0,0
M002132,Merchant Launchpad,1,1,0
M002142,Merchant Launchpad,1,0,0
M002143,Control,0,0,0
M002148,Merchant Launchpad,1,0,0
M002149,Control,1,0,0
M002150,Control,1,1,0
M002153,Merchant Launchpad,1,0,0
M002159,Control,0,1,0
M002161,Merchant Launchpad,0,0,0
M002164,Control,0,0,0
M002165,Control,0,1,0
M002166,Control,0,0,0
M002168,Merchant Launchpad,1,0,0
M002169,Control,0,0,0
M002170,Merchant Launchpad,1,0,0
M002173,Merchant Launchpad,0,0,0
M002174,Merchant Launchpad,1,0,0
M002176,Control,1,1,0
M002196,Control,1,0,0
M002198,Control,0,1,0
M002206,Control,0,0,0
M002208,Control,0,0,0
M002212,Merchant Launchpad,0,1,0
M002218,Merchant Launchpad,0,0,0
M002221,Merchant Launchpad,0,0,0
M002227,Control,0,0,0
M002228,Merchant Launchpad,0,0,0
M002230,Control,0,0,0
M002233,Control,0,1,0
M002236,Control,0,1,0
M002240,Merchant Launchpad,0,0,0
M002246,Merchant Launchpad,1,0,0
M002257,Merchant Launchpad,0,0,0
M002260,Merchant Launchpad,0,1,0
M002262,Merchant Launchpad,0,0,0
M002270,Merchant Launchpad,1,0,0
M002281,Merchant Launchpad,0,0,0
M002284,Merchant Launchpad,1,0,0
M002286,Merchant Launchpad,0,0,0
M002287,Merchant Launchpad,0,1,0
M002288,Merchant Launchpad,0,0,0
M002289,Merchant Launchpad,1,0,0
M002296,Control,0,0,0
M002300,Merchant Launchpad,0,0,0
M002304,Control,0,0,0
M002305,Control,0,0,0
M002319,Control,1,0,0
M002320,Control,0,0,0
M002326,Merchant Launchpad,1,0,0
M002332,Control,0,0,0
M002334,Control,1,0,0
M002338,Control,1,0,0
M002348,Control,0,0,0
M002362,Control,1,0,0
M002363,Control,1,0,0
M002365,Control,0,1,0
M002372,Control,1,0,0
M002376,Merchant Launchpad,1,1,0
M002377,Merchant Launchpad,1,0,0
M002379,Merchant Launchpad,1,0,0
M002383,Merchant Launchpad,0,0,0
M002386,Control,0,1,0
M002387,Control,0,0,0
M002388,Merchant Launchpad,1,0,0
M002389,Merchant Launchpad,0,1,0
M002390,Merchant Launchpad,0,0,0
M002397,Merchant Launchpad,0,0,0
M002406,Control,0,0,0
M002413,Merchant Launchpad,1,0,0
M002422,Control,1,1,0
M002424,Control,0,0,0
M002429,Control,0,0,0
M002439,Control,0,0,0
M002446,Merchant Launchpad,1,0,0
M002447,Control,1,0,0
M002449,Merchant Launchpad,1,0,0
M002451,Merchant Launchpad,0,0,0
M002452,Control,1,0,0
M002455,Merchant Launchpad,1,0,0
M002457,Merchant Launchpad,0,0,0
M002458,Control,0,1,0
M002471,Merchant Launchpad,0,1,0
M002482,Control,0,1,0
M002493,Control,1,0,0
M002497,Merchant Launchpad,0,0,0
M002498,Control,0,0,0
M002500,Merchant Launchpad,0,0,0
M002503,Control,1,1,0
M002512,Control,0,0,0
M002513,Control,1,0,0
M002514,Control,0,0,0
M002516,Merchant Launchpad,0,0,0
M002520,Control,0,0,0
M002528,Merchant Launchpad,0,0,0
M002531,Merchant Launchpad,0,0,0
M002532,Merchant Launchpad,0,0,0
M002533,Merchant Launchpad,0,0,0
M002535,Merchant Launchpad,0,1,0
M002536,Merchant Launchpad,1,0,0
M002542,Merchant Launchpad,0,0,0
M002543,Merchant Launchpad,1,0,0
M002545,Merchant Launchpad,1,0,0
M002547,Merchant Launchpad,0,0,0
M002555,Control,0,0,0
M002557,Merchant Launchpad,1,0,0
M002558,Merchant Launchpad,0,0,0
M002567,Merchant Launchpad,0,0,0
M002570,Merchant Launchpad,0,0,0
M002571,Merchant Launchpad,1,0,0
M002572,Control,0,1,0
M002575,Merchant Launchpad,0,0,0
M002579,Control,0,0,0
M002589,Control,0,0,0
M002599,Merchant Launchpad,0,1,0
M002601,Control,1,0,0
M002603,Merchant Launchpad,1,0,0
M002605,Control,1,1,0
M002606,Control,0,0,0
M002610,Merchant Launchpad,0,0,0
M002611,Control,0,0,0
M002612,Control,0,1,0
M002617,Control,0,0,0
M002620,Control,0,0,0
M002621,Control,0,0,0
M002624,Control,0,0,0
M002625,Merchant Launchpad,1,0,0
M002627,Control,0,0,0
M002631,Merchant Launchpad,1,0,0
M002633,Control,0,0,0
M002640,Merchant Launchpad,1,0,0
M002648,Control,1,0,0
M002649,Merchant Launchpad,0,0,0
M002651,Merchant Launchpad,0,0,0
M002652,Control,1,0,0
M002653,Control,1,0,0
M002655,Control,1,0,0
M002662,Control,1,0,0
M002668,Control,0,0,0
M002670,Control,0,0,0
M002671,Merchant Launchpad,0,0,0
M002672,Merchant Launchpad,0,0,0
M002673,Control,1,0,0
M002675,Merchant Launchpad,1,0,0
M002677,Merchant Launchpad,1,0,0
M002678,Merchant Launchpad,0,0,0
M002684,Merchant Launchpad,0,0,0
M002690,Control,1,0,0
M002693,Merchant Launchpad,0,0,0
M002695,Merchant Launchpad,1,0,0
M002701,Merchant Launchpad,0,0,0
M002702,Merchant Launchpad,1,1,0
M002704,Merchant Launchpad,1,0,0
M002710,Control,1,0,0
M002713,Merchant Launchpad,1,0,0
M002725,Merchant Launchpad,0,0,0
M002731,Control,1,0,0
M002733,Merchant Launchpad,0,0,0
M002744,Merchant Launchpad,1,0,0
M002748,Merchant Launchpad,0,0,0
M002750,Control,0,0,0
M002755,Control,0,0,0
M002756,Control,0,0,0
M002757,Control,0,0,0
M002768,Control,0,0,0
M002770,Merchant Launchpad,1,0,0
M002778,Control,0,0,0
M002782,Merchant Launchpad,0,0,0
M002783,Merchant Launchpad,1,0,0
M002784,Merchant Launchpad,1,1,0
M002785,Merchant Launchpad,0,0,0
M002790,Control,1,1,0
M002791,Control,1,0,0
M002796,Control,1,0,0
M002797,Control,0,0,0
M002801,Merchant Launchpad,0,1,0
M002803,Merchant Launchpad,0,0,0
M002806,Control,0,0,0
M002809,Control,0,0,0
M002814,Control,0,0,0
M002818,Merchant Launchpad,1,0,0
M002822,Control,1,0,0
M002824,Control,0,0,0
M002826,Merchant Launchpad,0,0,0
M002828,Control,0,0,0
M002831,Control,1,0,0
M002832,Merchant Launchpad,1,0,0
M002837,Control,0,0,0
M002838,Merchant Launchpad,0,0,0
M002840,Control,0,0,0
M002843,Control,0,0,0
M002847,Control,0,0,0
M002858,Control,0,0,0
M002862,Merchant Launchpad,0,0,0
M002863,Merchant Launchpad,1,0,0
M002869,Merchant Launchpad,0,0,0
M002872,Merchant Launchpad,1,0,0
M002873,Control,0,0,0
M002878,Merchant Launchpad,0,1,0
M002879,Merchant Launchpad,0,0,0
M002880,Merchant Launchpad,0,0,0
M002887,Merchant Launchpad,1,0,0
M002894,Control,0,0,0
M002899,Control,0,0,0
M002902,Control,1,0,0
M002903,Merchant Launchpad,1,0,0
M002906,Control,0,0,0
M002908,Merchant Launchpad,0,0,0
M002918,Control,1,0,0
M002919,Merchant Launchpad,1,0,0
M002922,Control,0,1,0
M002935,Merchant Launchpad,1,0,0
M002937,Control,0,0,0
M002939,Merchant Launchpad,1,0,0
M002942,Merchant Launchpad,0,0,0
M002943,Control,0,0,0
M002945,Merchant Launchpad,1,0,0
M002953,Merchant Launchpad,0,0,0
M002956,Control,0,1,0
M002961,Merchant Launchpad,0,0,0
M002963,Control,1,0,0
M002974,Merchant Launchpad,0,0,0
M002978,Control,0,0,0
M002983,Merchant Launchpad,1,0,0
M002984,Control,1,0,0
M002988,Control,0,0,0
M002989,Control,0,0,0
M002994,Control,0,0,0
M002995,Control,0,0,0
M003001,Merchant Launchpad,0,0,0
M003003,Control,1,0,0
M003004,Control,0,1,0
M003010,Control,0,0,0
M003030,Merchant Launchpad,0,1,0
M003036,Merchant Launchpad,0,0,0
M003037,Merchant Launchpad,1,0,0
M003046,Merchant Launchpad,1,1,0
M003048,Control,0,0,0
M003051,Control,1,0,0
M003053,Control,0,0,0
M003055,Merchant Launchpad,1,0,0
M003057,Control,0,1,0
M003067,Control,0,0,0
M003074,Control,1,0,0
M003078,Control,0,0,0
M003082,Merchant Launchpad,0,0,0
M003095,Merchant Launchpad,0,0,0
M003096,Control,0,0,0
M003107,Control,0,0,0
M003109,Control,1,0,0
M003112,Control,0,0,0
M003114,Control,0,0,0
M003120,Merchant Launchpad,0,0,0
M003122,Merchant Launchpad,1,0,0
M003126,Merchant Launchpad,1,0,0
M003127,Control,1,0,0
M003128,Control,0,0,0
M003130,Control,1,0,0
M003133,Merchant Launchpad,1,0,0
M003145,Merchant Launchpad,0,0,0
M003148,Merchant Launchpad,1,0,0
M003149,Control,0,0,0
M003154,Merchant Launchpad,0,0,0
M003156,Control,1,1,0
M003157,Control,0,0,0
M003158,Control,0,0,0
M003160,Control,1,0,0
M003162,Control,0,0,0
M003169,Merchant Launchpad,1,0,0
M003172,Merchant Launchpad,0,1,0
M003175,Control,1,1,0
M003186,Merchant Launchpad,0,1,0
M003187,Control,1,0,0
M003190,Control,0,0,0
M003198,Control,0,0,0
M003199,Merchant Launchpad,1,0,0
M003201,Control,0,0,0
M003202,Control,0,0,0
M003203,Control,0,0,0
M003207,Merchant Launchpad,1,0,0
M003208,Merchant Launchpad,0,0,0
M003211,Control,0,1,0
M003214,Control,1,1,0
M003219,Control,0,0,0
M003223,Merchant Launchpad,1,1,0
M003224,Merchant Launchpad,0,0,0
M003226,Merchant Launchpad,0,0,0
M003230,Merchant Launchpad,0,1,0
M003231,Control,1,0,0
M003238,Merchant Launchpad,0,0,0
M003239,Control,1,0,0
M003243,Control,0,1,0
M003246,Merchant Launchpad,0,0,0
M003247,Merchant Launchpad,1,0,0
M003264,Control,1,0,0
M003270,Control,0,0,0
M003276,Control,1,0,0
M003279,Merchant Launchpad,0,1,0
M003282,Control,0,0,0
M003283,Control,0,0,0
M003296,Control,1,0,0
M003298,Control,1,0,0
M003300,Merchant Launchpad,1,1,0
M003310,Merchant Launchpad,0,0,0
M003313,Merchant Launchpad,0,0,0
M003316,Merchant Launchpad,0,0,0
M003323,Control,0,0,0
M003326,Control,0,0,0
M003330,Merchant Launchpad,0,0,0
M003332,Control,1,0,0
M003334,Control,0,0,0
M003339,Control,0,0,0
M003340,Merchant Launchpad,1,0,0
M003346,Merchant Launchpad,0,0,0
M003350,Control,0,0,0
M003352,Merchant Launchpad,0,0,0
M003355,Merchant Launchpad,0,0,0
M003358,Merchant Launchpad,1,0,0
M003361,Control,0,0,0
M003364,Merchant Launchpad,0,0,0
M003371,Merchant Launchpad,1,0,0
M003379,Control,1,0,0
M003381,Control,0,1,0
M003382,Merchant Launchpad,1,0,0
M003383,Control,0,0,0
M003384,Merchant Launchpad,1,0,0
M003385,Control,0,0,0
M003387,Control,0,0,0
M003393,Merchant Launchpad,0,0,0
M003396,Merchant Launchpad,0,1,0
M003398,Control,1,1,0
M003401,Control,1,1,0
M003402,Control,0,0,0
M003404,Merchant Launchpad,0,0,0
M003412,Control,1,0,0
M003418,Control,0,0,0
M003422,Control,0,0,0
M003426,Control,1,1,0
M003428,Merchant Launchpad,0,0,0
M003429,Merchant Launchpad,0,0,0
M003432,Control,0,0,0
M003439,Merchant Launchpad,0,0,0
M003440,Merchant Launchpad,0,0,0
M003441,Control,0,0,0
M003445,Merchant Launchpad,1,0,0
M003455,Merchant Launchpad,1,0,0
M003456,Merchant Launchpad,1,1,0
M003459,Merchant Launchpad,0,0,0
M003462,Merchant Launchpad,0,0,0
M003463,Merchant Launchpad,0,0,0
M003470,Merchant Launchpad,0,0,0
M003474,Merchant Launchpad,0,1,0
M003480,Control,0,0,0
M003481,Merchant Launchpad,0,1,0
M003483,Merchant Launchpad,0,0,0
M003488,Control,0,0,0
M003495,Merchant Launchpad,0,0,0
M003506,Control,0,0,0
M003507,Control,1,0,0
M003508,Control,0,0,0
M003511,Control,1,0,0
M003516,Control,1,0,0
M003518,Merchant Launchpad,0,0,0
M003520,Control,1,1,0
M003521,Merchant Launchpad,0,0,0
M003523,Control,0,0,0
M003534,Merchant Launchpad,0,0,0
M003540,Control,0,0,0
M003544,Merchant Launchpad,0,0,0
M003548,Control,0,1,0
M003553,Merchant Launchpad,1,0,0
M003564,Merchant Launchpad,0,0,0
M003565,Merchant Launchpad,0,0,0
M003569,Merchant Launchpad,1,1,0
M003571,Merchant Launchpad,0,0,0
M003572,Merchant Launchpad,1,1,0
M003575,Control,0,0,0
M003578,Merchant Launchpad,0,0,0
M003579,Merchant Launchpad,1,0,0
M003581,Merchant Launchpad,0,0,0
M003582,Control,0,0,0
M003585,Control,0,0,0
M003590,Merchant Launchpad,1,0,0
M003593,Merchant Launchpad,0,1,0
M003605,Control,0,0,0
M003615,Merchant Launchpad,1,0,0
M003621,Merchant Launchpad,0,0,0
M003625,Control,0,0,0
M003627,Merchant Launchpad,1,0,0
M003629,Merchant Launchpad,0,0,0
M003630,Merchant Launchpad,1,0,0
M003634,Merchant Launchpad,0,1,0
M003635,Control,1,0,0
M003642,Merchant Launchpad,0,0,0
M003643,Control,0,0,0
M003645,Merchant Launchpad,0,0,0
M003649,Control,0,0,0
M003658,Control,0,0,0
M003663,Control,1,0,0
M003664,Merchant Launchpad,1,0,0
M003678,Merchant Launchpad,0,0,0
M003685,Merchant Launchpad,0,0,0
M003688,Merchant Launchpad,0,0,0
M003689,Control,0,0,0
M003700,Control,0,0,0
M003704,Merchant Launchpad,0,0,0
M003705,Merchant Launchpad,1,0,0
M003708,Merchant Launchpad,0,0,0
M003710,Control,0,0,0
M003712,Merchant Launchpad,0,0,0
M003713,Merchant Launchpad,1,0,0
M003723,Merchant Launchpad,0,0,0
M003724,Control,0,0,0
M003726,Control,0,1,0
M003732,Merchant Launchpad,1,0,0
M003734,Merchant Launchpad,1,0,0
M003740,Control,1,0,0
M003743,Control,0,1,0
M003746,Merchant Launchpad,0,0,0
M003748,Merchant Launchpad,0,0,0
M003749,Merchant Launchpad,0,0,0
M003750,Control,0,0,0
M003752,Merchant Launchpad,1,0,0
M003753,Control,0,0,0
M003769,Merchant Launchpad,1,0,0
M003778,Merchant Launchpad,0,0,0
M003779,Merchant Launchpad,0,0,0
M003784,Merchant Launchpad,1,0,0
M003785,Merchant Launchpad,1,0,0
M003789,Control,0,0,0
M003795,Control,1,0,0
M003801,Control,0,0,0
M003803,Control,0,0,0
M003806,Merchant Launchpad,1,0,0
M003818,Merchant Launchpad,0,0,0
M003820,Merchant Launchpad,0,0,0
M003826,Control,0,0,0
M003831,Control,0,0,0
M003833,Control,0,0,0
M003839,Control,0,0,0
M003840,Merchant Launchpad,0,1,0
M003841,Control,0,0,0
M003845,Merchant Launchpad,1,0,0
M003847,Merchant Launchpad,0,0,0
M003866,Merchant Launchpad,0,0,0
M003868,Merchant Launchpad,0,0,0
M003873,Control,0,1,0
M003881,Control,0,0,0
M003890,Merchant Launchpad,0,0,0
M003892,Control,1,0,0
M003896,Control,0,1,0
M003900,Control,0,0,0
M003902,Control,1,0,0
M003905,Control,0,0,0
M003906,Control,1,0,0
M003908,Control,0,0,0
M003910,Control,0,0,0
M003912,Control,0,0,0
M003915,Merchant Launchpad,0,0,0
M003918,Merchant Launchpad,0,0,0
M003921,Control,0,0,0
M003936,Control,0,0,0
M003943,Control,0,0,0
M003944,Merchant Launchpad,0,0,0
M003949,Merchant Launchpad,0,0,0
M003956,Merchant Launchpad,0,0,0
M003961,Merchant Launchpad,1,0,0
M003962,Control,1,1,0
M003966,Control,1,0,0
M003967,Control,0,0,0
M003972,Control,0,0,0
M003978,Control,0,0,0
M003985,Control,0,0,0
M003991,Control,0,0,0
M003992,Merchant Launchpad,0,0,0
M003998,Merchant Launchpad,1,1,0
M004002,Control,0,0,0
M004005,Control,0,0,0
M004006,Control,0,0,0
M004012,Merchant Launchpad,0,0,0
M004043,Control,1,0,0
M004053,Control,0,0,0
M004054,Merchant Launchpad,0,0,0
M004057,Control,1,0,0
M004065,Control,1,0,0
M004067,Control,0,0,0
M004072,Control,0,0,0
M004073,Control,0,1,0
M004074,Merchant Launchpad,0,1,0
M004077,Control,0,0,0
M004080,Control,1,0,0
M004081,Control,0,0,0
M004083,Merchant Launchpad,0,0,0
M004084,Merchant Launchpad,0,0,0
M004088,Merchant Launchpad,1,0,0
M004089,Control,0,0,0
M004090,Control,0,0,0
M004095,Control,1,1,0
M004099,Merchant Launchpad,1,0,0
M004102,Merchant Launchpad,0,0,0
M004108,Merchant Launchpad,0,0,0
M004114,Merchant Launchpad,1,0,0
M004122,Control,0,0,0
M004123,Merchant Launchpad,1,0,0
M004125,Control,0,0,0
M004132,Merchant Launchpad,0,0,0
M004135,Control,0,0,0
M004136,Control,0,0,0
M004137,Merchant Launchpad,0,0,0
M004139,Control,1,0,0
M004142,Merchant Launchpad,1,0,0
M004148,Merchant Launchpad,0,0,0
M004149,Merchant Launchpad,0,0,0
M004153,Merchant Launchpad,1,0,0
M004154,Merchant Launchpad,1,0,0
M004184,Control,0,0,0
M004190,Control,0,0,0
M004199,Merchant Launchpad,0,0,0
M004206,Control,1,0,0
M004207,Control,0,0,0
M004208,Merchant Launchpad,0,0,0
M004216,Control,0,0,0
M004223,Merchant Launchpad,1,0,0
M004225,Control,1,0,0
M004232,Merchant Launchpad,0,0,0
M004237,Control,1,0,0
M004239,Control,0,0,0
M004243,Merchant Launchpad,0,0,0
M004249,Control,0,0,0
M004253,Control,0,0,0
M004264,Control,1,0,0
M004266,Merchant Launchpad,0,0,0
M004268,Merchant Launchpad,1,0,0
M004271,Control,0,0,0
M004273,Merchant Launchpad,0,0,0
M004276,Merchant Launchpad,0,0,0
M004278,Merchant Launchpad,0,0,0
M004280,Control,0,0,0
M004282,Control,0,0,0
M004286,Merchant Launchpad,0,0,0
M004288,Control,1,0,0
M004289,Control,0,0,0
M004292,Control,1,0,0
M004295,Merchant Launchpad,1,0,0
M004296,Merchant Launchpad,0,0,0
M004298,Merchant Launchpad,0,0,0
M004306,Control,1,0,0
M004308,Control,1,1,0
M004309,Merchant Launchpad,1,0,0
M004312,Merchant Launchpad,1,0,0
M004315,Control,1,0,0
M004317,Merchant Launchpad,0,1,0
M004319,Merchant Launchpad,0,0,0
M004325,Merchant Launchpad,0,0,0
M004327,Control,0,0,0
M004330,Merchant Launchpad,0,0,0
M004333,Control,0,1,0
M004334,Control,1,0,0
M004335,Merchant Launchpad,0,0,0
M004337,Merchant Launchpad,1,0,0
M004349,Merchant Launchpad,0,0,0
M004356,Control,0,0,0
M004357,Control,0,0,0
M004360,Control,0,1,0
M004362,Control,1,0,0
M004364,Merchant Launchpad,0,0,0
M004366,Merchant Launchpad,0,0,0
M004369,Merchant Launchpad,0,0,0
M004374,Control,0,0,0
M004380,Merchant Launchpad,1,0,0
M004381,Control,1,0,0
M004392,Control,0,0,0
M004404,Control,1,0,0
M004406,Merchant Launchpad,1,0,0
M004422,Merchant Launchpad,0,0,0
M004423,Control,0,0,0
M004426,Merchant Launchpad,0,1,0
M004429,Merchant Launchpad,0,0,0
M004430,Control,1,0,0
M004431,Control,0,0,0
M004433,Merchant Launchpad,0,0,0
M004436,Merchant Launchpad,0,0,0
M004438,Merchant Launchpad,1,1,0
M004450,Control,0,0,0
M004451,Control,0,1,0
M004467,Control,0,0,0
M004468,Merchant Launchpad,1,0,0
M004469,Control,1,1,0
M004472,Merchant Launchpad,0,0,0
M004475,Merchant Launchpad,0,0,0
M004477,Merchant Launchpad,0,0,0
M004479,Control,0,0,0
M004483,Control,1,0,0
M004503,Control,0,0,0
M004504,Merchant Launchpad,1,0,0
M004510,Control,1,0,0
M004514,Control,0,0,0
M004515,Merchant Launchpad,0,0,0
M004516,Control,0,0,0
M004521,Merchant Launchpad,0,0,0
M004524,Merchant Launchpad,0,0,0
M004525,Merchant Launchpad,1,0,0
M004534,Merchant Launchpad,1,0,0
M004539,Merchant Launchpad,0,0,0
M004540,Control,0,1,0
M004543,Control,0,0,0
M004546,Merchant Launchpad,0,0,0
M004548,Control,0,1,0
M004550,Control,0,0,0
M004558,Control,1,0,0
M004565,Merchant Launchpad,1,0,0
M004574,Merchant Launchpad,1,0,0
M004576,Merchant Launchpad,0,0,0
M004582,Control,1,0,0
M004597,Control,0,1,0
M004599,Control,1,0,0
M004601,Merchant Launchpad,0,0,0
M004602,Control,0,0,0
M004604,Control,1,0,0
M004609,Control,0,0,0
M004613,Merchant Launchpad,0,0,0
M004620,Control,0,0,0
M004622,Merchant Launchpad,0,0,0
M004623,Control,1,0,0
M004629,Control,0,1,0
M004636,Control,1,0,0
M004637,Merchant Launchpad,0,0,0
M004640,Merchant Launchpad,0,0,0
M004641,Control,0,0,0
M004643,Control,0,0,0
M004652,Control,1,0,0
M004661,Merchant Launchpad,0,0,0
M004666,Control,0,0,0
M004674,Merchant Launchpad,1,0,0
M004675,Control,0,0,0
M004687,Merchant Launchpad,0,0,0
M004693,Control,1,0,0
M004694,Control,0,0,0
M004696,Merchant Launchpad,1,0,0
M004701,Merchant Launchpad,1,0,0
M004704,Merchant Launchpad,0,0,0
M004709,Control,0,0,0
M004712,Merchant Launchpad,1,0,0
M004713,Control,0,0,0
M004717,Merchant Launchpad,0,0,0
M004718,Control,0,0,0
M004722,Merchant Launchpad,0,0,0
M004723,Merchant Launchpad,1,0,0
M004728,Control,1,0,0
M004731,Merchant Launchpad,1,0,0
M004733,Merchant Launchpad,1,0,0
M004735,Control,1,0,0
M004747,Control,0,0,0
M004749,Control,0,0,0
M004753,Merchant Launchpad,1,0,0
M004754,Control,0,0,0
M004761,Merchant Launchpad,1,0,0
M004762,Merchant Launchpad,0,0,0
M004772,Merchant Launchpad,1,0,0
M004774,Control,0,0,0
M004781,Control,1,0,0
M004784,Merchant Launchpad,1,0,0
M004785,Control,0,0,0
M004792,Merchant Launchpad,0,0,0
M004793,Control,1,0,0
M004804,Control,1,0,0
M004806,Control,0,0,0
M004808,Control,1,0,0
M004810,Control,0,0,0
M004817,Control,0,0,0
M004820,Control,1,0,0
M004823,Control,0,0,0
M004824,Control,1,0,0
M004829,Merchant Launchpad,1,0,0
M004835,Merchant Launchpad,0,0,0
M004839,Control,0,0,0
M004840,Merchant Launchpad,0,0,0
M004841,Merchant Launchpad,0,0,0
M004845,Control,1,0,0
M004846,Merchant Launchpad,1,1,0
M004847,Control,0,0,0
M004850,Merchant Launchpad,0,0,0
M004851,Control,0,1,0
M004857,Control,0,0,0
M004860,Merchant Launchpad,0,0,0
M004862,Control,0,0,0
M004863,Merchant Launchpad,0,0,0
M004865,Control,0,0,0
M004869,Control,0,1,0
M004872,Merchant Launchpad,0,1,0
M004880,Control,0,1,0
M004882,Control,0,0,0
M004891,Merchant Launchpad,1,0,0
M004897,Merchant Launchpad,1,0,0
M004899,Control,1,0,0
M004908,Control,0,0,0
M004909,Control,1,0,0
M004911,Merchant Launchpad,1,0,0
M004915,Merchant Launchpad,0,0,0
M004919,Merchant Launchpad,1,1,0
M004921,Control,0,0,0
M004922,Merchant Launchpad,0,0,0
M004933,Merchant Launchpad,0,1,0
M004934,Control,0,0,0
M004937,Control,0,0,0
M004943,Merchant Launchpad,1,1,0
M004944,Merchant Launchpad,1,0,0
M004953,Merchant Launchpad,1,0,0
M004959,Control,0,0,0
M004960,Control,0,0,0
M004963,Control,0,0,0
M004965,Merchant Launchpad,1,0,0
M004970,Merchant Launchpad,0,0,0
M004971,Merchant Launchpad,0,0,0
M004973,Control,0,0,0
M004974,Control,0,0,0
M004975,Control,0,0,0
M004976,Merchant Launchpad,0,0,0
M004979,Merchant Launchpad,0,0,0
M004981,Merchant Launchpad,1,0,0
M004982,Control,0,0,0
M004987,Control,1,0,0
M004988,Merchant Launchpad,0,0,0
M004989,Merchant Launchpad,1,0,0
M004990,Control,0,0,0
M004993,Merchant Launchpad,1,0,0
M004998,Merchant Launchpad,1,0,0
M005005,Control,0,0,0
M005006,Merchant Launchpad,1,0,0
M005008,Merchant Launchpad,1,1,0
M005011,Control,1,0,0
M005014,Merchant Launchpad,0,0,0
M005016,Merchant Launchpad,1,0,0
M005019,Merchant Launchpad,1,0,0
M005021,Control,0,0,0
M005025,Merchant Launchpad,0,0,0
M005032,Control,0,0,0
M005037,Control,0,0,0
M005039,Merchant Launchpad,0,0,0
M005045,Merchant Launchpad,1,1,0
M005047,Merchant Launchpad,0,0,0
M005050,Control,0,0,0
M005053,Control,1,0,0
M005054,Control,0,0,0
M005056,Merchant Launchpad,0,0,0
M005057,Control,1,0,0
M005058,Merchant Launchpad,0,0,0
M005070,Merchant Launchpad,1,0,0
M005071,Control,0,0,0
M005074,Control,0,0,0
M005079,Merchant Launchpad,0,0,0
M005087,Merchant Launchpad,0,0,0
M005091,Merchant Launchpad,1,0,0
M005094,Merchant Launchpad,0,0,0
M005099,Merchant Launchpad,0,0,0
M005107,Merchant Launchpad,1,1,0
M005108,Merchant Launchpad,0,0,0
M005113,Merchant Launchpad,0,0,0
M005119,Merchant Launchpad,0,0,0
M005121,Merchant Launchpad,1,0,0
M005140,Control,0,0,0
M005146,Merchant Launchpad,0,0,0
M005148,Merchant Launchpad,0,0,0
M005155,Merchant Launchpad,0,0,0
M005156,Merchant Launchpad,0,0,0
M005157,Merchant Launchpad,0,1,0
M005160,Control,0,0,0
M005164,Merchant Launchpad,1,1,0
M005173,Merchant Launchpad,0,0,0
M005181,Merchant Launchpad,0,0,0
M005182,Control,0,0,0
M005184,Control,0,0,0
M005185,Control,1,0,0
M005187,Control,1,1,0
M005189,Merchant Launchpad,1,0,0
M005192,Merchant Launchpad,1,1,0
M005197,Merchant Launchpad,1,0,0
M005198,Control,1,0,0
M005200,Control,0,0,0
M005203,Control,0,0,0
M005208,Merchant Launchpad,0,0,0
M005215,Control,1,0,0
M005217,Merchant Launchpad,0,0,0
M005222,Merchant Launchpad,1,0,0
M005223,Merchant Launchpad,1,0,0
M005224,Merchant Launchpad,0,0,0
M005228,Control,0,0,0
M005236,Control,1,0,0
M005238,Merchant Launchpad,1,0,0
M005239,Merchant Launchpad,0,0,0
M005240,Control,1,0,0
M005242,Merchant Launchpad,0,0,0
M005243,Control,0,0,0
M005244,Control,1,0,0
M005248,Control,0,0,0
M005249,Control,0,0,0
M005261,Control,0,0,0
M005265,Merchant Launchpad,0,0,0
M005266,Control,1,0,0
M005278,Merchant Launchpad,1,0,0
M005283,Control,1,0,0
M005284,Control,0,0,0
M005285,Merchant Launchpad,1,0,0
M005288,Control,1,0,0
M005291,Control,1,0,0
M005292,Control,0,0,0
M005295,Control,0,0,0
M005296,Merchant Launchpad,0,1,0
M005300,Control,0,0,0
M005302,Merchant Launchpad,0,0,0
M005306,Control,0,0,0
M005311,Merchant Launchpad,1,0,0
M005312,Merchant Launchpad,1,0,0
M005319,Merchant Launchpad,1,0,0
M005322,Merchant Launchpad,0,1,0
M005325,Merchant Launchpad,0,0,0
M005332,Merchant Launchpad,0,0,0
M005334,Merchant Launchpad,0,0,0
M005355,Merchant Launchpad,0,0,0
M005356,Control,0,0,0
M005362,Merchant Launchpad,0,0,0
M005364,Merchant Launchpad,1,0,0
M005371,Control,0,0,0
M005382,Merchant Launchpad,1,0,0
M005386,Merchant Launchpad,0,0,0
M005388,Merchant Launchpad,1,0,0
M005390,Control,0,0,0
M005393,Control,0,0,0
M005394,Control,0,0,0
M005397,Control,0,0,0
M005399,Merchant Launchpad,1,0,0
M005400,Control,0,0,0
M005401,Control,0,0,0
M005408,Control,0,0,0
M005414,Merchant Launchpad,1,0,0
M005421,Merchant Launchpad,0,0,0
M005422,Merchant Launchpad,0,0,0
M005427,Control,1,0,0
M005430,Merchant Launchpad,0,0,0
M005431,Merchant Launchpad,0,0,0
M005436,Control,1,0,0
M005443,Merchant Launchpad,1,0,0
M005444,Control,0,0,0
M005453,Merchant Launchpad,1,0,0
M005454,Control,0,0,0
M005460,Merchant Launchpad,0,0,0
M005461,Control,0,0,0
M005473,Control,1,0,0
M005481,Control,0,0,0
M005484,Control,1,0,0
M005488,Merchant Launchpad,0,0,0
M005489,Control,0,0,0
M005492,Merchant Launchpad,0,0,0
M005495,Merchant Launchpad,0,0,0
M005497,Merchant Launchpad,1,0,0
M005499,Merchant Launchpad,0,0,0
M005501,Merchant Launchpad,1,0,0
M005506,Control,0,0,0
M005510,Control,1,0,0
M005512,Merchant Launchpad,0,0,0
M005513,Control,0,0,0
M005514,Merchant Launchpad,0,0,0
M005523,Merchant Launchpad,1,0,0
M005524,Merchant Launchpad,1,0,0
M005532,Control,0,0,0
M005538,Merchant Launchpad,1,0,0
M005539,Merchant Launchpad,1,1,0
M005540,Merchant Launchpad,0,0,0
M005544,Merchant Launchpad,0,0,0
M005546,Control,0,0,0
M005550,Control,0,0,0
M005563,Merchant Launchpad,0,0,0
M005571,Merchant Launchpad,0,0,0
M005578,Merchant Launchpad,1,0,0
M005582,Merchant Launchpad,0,0,0
M005588,Control,0,0,0
M005589,Merchant Launchpad,0,0,0
M005590,Merchant Launchpad,0,0,0
M005595,Merchant Launchpad,1,0,0
M005599,Control,0,0,0
M005600,Merchant Launchpad,0,0,0
M005602,Control,1,0,0
M005617,Control,0,1,0
M005619,Control,1,0,0
M005624,Merchant Launchpad,0,0,0
M005635,Merchant Launchpad,1,0,0
M005640,Control,0,1,0
M005641,Control,0,0,0
M005647,Control,0,0,0
M005648,Merchant Launchpad,0,0,0
M005649,Merchant Launchpad,0,0,0
M005650,Merchant Launchpad,0,0,0
M005651,Control,1,0,0
M005657,Control,1,1,0
M005658,Control,0,0,1
M005663,Merchant Launchpad,1,0,0
M005668,Control,1,0,0
M005669,Control,0,0,0
M005673,Merchant Launchpad,1,0,0
M005682,Merchant Launchpad,0,0,0
M005687,Control,0,0,0
M005689,Merchant Launchpad,0,0,0
M005693,Control,0,0,0
M005698,Merchant Launchpad,0,1,0
M005706,Merchant Launchpad,0,0,0
M005710,Control,0,0,0
M005712,Merchant Launchpad,0,0,0
M005715,Merchant Launchpad,1,0,0
M005721,Merchant Launchpad,0,0,0
M005731,Merchant Launchpad,0,1,0
M005733,Control,1,0,0
M005738,Merchant Launchpad,0,0,0
M005743,Control,0,0,0
M005749,Merchant Launchpad,1,0,0
M005751,Control,1,1,0
M005776,Control,1,0,0
M005783,Merchant Launchpad,1,0,0
M005784,Control,1,0,0
M005790,Control,0,0,0
M005794,Merchant Launchpad,0,0,0
M005797,Merchant Launchpad,1,0,0
M005804,Merchant Launchpad,1,0,0
M005808,Merchant Launchpad,1,0,0
M005814,Merchant Launchpad,0,0,0
M005818,Control,1,0,0
M005823,Control,1,0,0
M005833,Control,0,1,0
M005836,Control,0,0,0
M005837,Merchant Launchpad,0,0,0
M005841,Control,0,0,0
M005842,Control,1,0,0
M005845,Merchant Launchpad,1,0,0
M005865,Merchant Launchpad,0,0,0
M005868,Control,1,0,0
M005869,Merchant Launchpad,0,1,0
M005871,Merchant Launchpad,0,0,0
M005877,Control,0,1,0
M005882,Control,0,0,0
M005883,Control,0,0,0
M005886,Merchant Launchpad,1,0,0
M005887,Merchant Launchpad,1,0,0
M005896,Control,1,0,0
M005898,Control,1,0,0
M005900,Control,0,0,0
M005901,Merchant Launchpad,0,0,0
M005904,Merchant Launchpad,0,0,0
M005908,Merchant Launchpad,0,0,0
M005909,Merchant Launchpad,0,0,0
M005920,Control,0,0,0
M005922,Merchant Launchpad,0,0,0
M005924,Merchant Launchpad,0,0,0
M005925,Merchant Launchpad,0,1,0
M005931,Control,1,0,0
M005935,Merchant Launchpad,0,0,0
M005939,Merchant Launchpad,1,0,0
M005948,Control,0,0,0
M005949,Control,1,0,0
M005952,Control,1,0,0
M005960,Merchant Launchpad,0,0,0
M005963,Control,0,0,0
M005975,Merchant Launchpad,1,1,0
M005977,Control,1,0,0
M005982,Merchant Launchpad,0,0,0
M005983,Control,1,0,0
M005984,Merchant Launchpad,1,0,0
M005987,Merchant Launchpad,1,0,0
M005989,Control,0,0,0
M005993,Merchant Launchpad,0,0,0
M005997,Merchant Launchpad,0,0,0
M005998,Control,0,0,0
M005999,Control,0,0,0
